Andir;Bandung
Astana Anyar;Bandung
Antapani;Bandung
Arcamanik;Bandung
Babakan Ciparay;Bandung
Bandung Kidul;Bandung
Bandung Kulon;Bandung
Bandung Wetan;Bandung
Batununggal;Bandung
Bojongloa Kaler;Bandung
Bojongloa Kidul;Bandung
Buahbatu;Bandung
Cibeunying Kaler;Bandung
Cibeunying Kidul;Bandung
Cibiru;Bandung
Cicendo;Bandung
Cidadap;Bandung
Cinambo;Bandung
Coblong;Bandung
Gedebage;Bandung
Kiaracondong;Bandung
Lengkong;Bandung
Mandalajati;Bandung
Panyileukan;Bandung
Rancasari;Bandung
Regol;Bandung
Sukajadi;Bandung
Sukasari;Bandung
Sumur Bandung;Bandung
Ujungberung;Bandung
